{"cameraMode":{"drawMode":0,"name":"Shaded","section":"Shading Mode"},"sceneLighting":false,"audioPlay":false,"sceneViewState":{"showFog":true,"showMaterialUpdate":false,"showSkybox":true,"showFlares":true,"showImageEffects":true,"showParticleSystems":true},"in2DMode":false,"pivot":{"x":1.1920928955078126e-7,"y":0.9559217691421509,"z":0.0},"rotation":{"x":-0.3302898705005646,"y":0.03936423733830452,"z":-0.013787118718028069,"w":-0.9429575800895691},"size":5.223420143127441,"orthographic":false}