{"cameraMode":{"drawMode":0,"name":"Shaded","section":"Shading Mode"},"sceneLighting":false,"audioPlay":false,"sceneViewState":{"showFog":true,"showMaterialUpdate":false,"showSkybox":true,"showFlares":true,"showImageEffects":true,"showParticleSystems":true},"in2DMode":false,"pivot":{"x":-81.87000274658203,"y":22.10870361328125,"z":264.7569274902344},"rotation":{"x":0.23904170095920564,"y":0.04302174597978592,"z":-0.010612964630126953,"w":0.969997763633728},"size":103.91889190673828,"orthographic":false}