{"cameraMode":{"drawMode":0,"name":"Shaded","section":"Shading Mode"},"sceneLighting":true,"audioPlay":false,"sceneViewState":{"showFog":true,"showMaterialUpdate":false,"showSkybox":true,"showFlares":true,"showImageEffects":true,"showParticleSystems":true},"in2DMode":false,"pivot":{"x":-143.52996826171876,"y":-32.36248779296875,"z":185.61219787597657},"rotation":{"x":0.0744013637304306,"y":-0.27519816160202029,"z":0.02135768160223961,"w":0.9582663178443909},"size":226.99400329589845,"orthographic":false}