{"cameraMode":{"drawMode":0,"name":"Shaded","section":"Shading Mode"},"sceneLighting":false,"audioPlay":false,"sceneViewState":{"showFog":true,"showMaterialUpdate":false,"showSkybox":true,"showFlares":true,"showImageEffects":true,"showParticleSystems":true},"in2DMode":false,"pivot":{"x":2.537581443786621,"y":0.537680983543396,"z":-0.2903938293457031},"rotation":{"x":0.24152211844921113,"y":-0.10750681161880493,"z":0.026924991980195047,"w":0.9640458822250366},"size":0.9184769988059998,"orthographic":false}